dataset,algorithm,n,avg_microseconds,avg_char_comparisons,sorted
random,quick_sort,100,5.91,734.00,true
random,merge_sort,100,3.28,597.00,true
random,ternary_string_quick_sort,100,2.44,704.00,true
random,string_merge_sort_lcp,100,68.16,537.00,true
random,msd_radix_sort,100,9.86,344.00,true
random,msd_radix_sort_with_cutoff,100,1.19,248.00,true
random,quick_sort,200,10.89,1836.00,true
random,merge_sort,200,6.37,1495.00,true
random,ternary_string_quick_sort,200,4.96,1526.00,true
random,string_merge_sort_lcp,200,137.06,1205.00,true
random,msd_radix_sort,200,19.37,796.00,true
random,msd_radix_sort_with_cutoff,200,2.86,607.00,true
random,quick_sort,300,18.34,3172.00,true
random,merge_sort,300,11.95,2527.00,true
random,ternary_string_quick_sort,300,8.28,2450.00,true
random,string_merge_sort_lcp,300,218.80,1930.00,true
random,msd_radix_sort,300,25.37,1232.00,true
random,msd_radix_sort_with_cutoff,300,4.14,1009.00,true
random,quick_sort,400,24.07,4532.00,true
random,merge_sort,400,15.10,3621.00,true
random,ternary_string_quick_sort,400,10.86,3293.00,true
random,string_merge_sort_lcp,400,299.75,2695.00,true
random,msd_radix_sort,400,27.74,1656.00,true
random,msd_radix_sort_with_cutoff,400,5.59,1466.00,true
random,quick_sort,500,30.42,5429.00,true
random,merge_sort,500,22.12,4829.00,true
random,ternary_string_quick_sort,500,13.61,4448.00,true
random,string_merge_sort_lcp,500,379.48,3517.00,true
random,msd_radix_sort,500,30.57,2082.00,true
random,msd_radix_sort_with_cutoff,500,7.02,1928.00,true
random,quick_sort,600,38.36,7032.00,true
random,merge_sort,600,26.42,6092.00,true
random,ternary_string_quick_sort,600,18.04,5721.00,true
random,string_merge_sort_lcp,600,468.38,4352.00,true
random,msd_radix_sort,600,33.61,2516.00,true
random,msd_radix_sort_with_cutoff,600,8.99,2490.00,true
random,quick_sort,700,47.77,8883.00,true
random,merge_sort,700,33.32,7397.00,true
random,ternary_string_quick_sort,700,21.60,6558.00,true
random,string_merge_sort_lcp,700,551.48,5202.00,true
random,msd_radix_sort,700,37.69,2960.00,true
random,msd_radix_sort_with_cutoff,700,10.86,3019.00,true
random,quick_sort,800,60.23,10757.00,true
random,merge_sort,800,41.40,8744.00,true
random,ternary_string_quick_sort,800,24.37,7493.00,true
random,string_merge_sort_lcp,800,643.28,6080.00,true
random,msd_radix_sort,800,45.78,3432.00,true
random,msd_radix_sort_with_cutoff,800,13.13,3623.00,true
random,quick_sort,900,64.63,12451.00,true
random,merge_sort,900,45.74,10169.00,true
random,ternary_string_quick_sort,900,29.04,8546.00,true
random,string_merge_sort_lcp,900,736.83,7015.00,true
random,msd_radix_sort,900,49.56,3900.00,true
random,msd_radix_sort_with_cutoff,900,15.72,4228.00,true
random,quick_sort,1000,73.17,14062.00,true
random,merge_sort,1000,52.71,11567.00,true
random,ternary_string_quick_sort,1000,33.11,9098.00,true
random,string_merge_sort_lcp,1000,809.87,7892.00,true
random,msd_radix_sort,1000,57.43,4392.00,true
random,msd_radix_sort_with_cutoff,1000,17.82,4878.00,true
random,quick_sort,1100,84.11,15090.00,true
random,merge_sort,1100,61.68,13055.00,true
random,ternary_string_quick_sort,1100,38.97,10363.00,true
random,string_merge_sort_lcp,1100,927.30,8848.00,true
random,msd_radix_sort,1100,63.85,4860.00,true
random,msd_radix_sort_with_cutoff,1100,20.17,5622.00,true
random,quick_sort,1200,96.97,17773.00,true
random,merge_sort,1200,67.98,14535.00,true
random,ternary_string_quick_sort,1200,46.42,14050.00,true
random,string_merge_sort_lcp,1200,1027.62,9797.00,true
random,msd_radix_sort,1200,69.97,5314.00,true
random,msd_radix_sort_with_cutoff,1200,22.92,6321.00,true
random,quick_sort,1300,108.34,19606.00,true
random,merge_sort,1300,82.48,16005.00,true
random,ternary_string_quick_sort,1300,50.72,13369.00,true
random,string_merge_sort_lcp,1300,1169.76,10701.00,true
random,msd_radix_sort,1300,71.37,5780.00,true
random,msd_radix_sort_with_cutoff,1300,25.58,7006.00,true
random,quick_sort,1400,114.38,20828.00,true
random,merge_sort,1400,83.47,17564.00,true
random,ternary_string_quick_sort,1400,53.01,13925.00,true
random,string_merge_sort_lcp,1400,1257.91,11697.00,true
random,msd_radix_sort,1400,78.65,6266.00,true
random,msd_radix_sort_with_cutoff,1400,28.13,7756.00,true
random,quick_sort,1500,125.69,22194.00,true
random,merge_sort,1500,92.37,19143.00,true
random,ternary_string_quick_sort,1500,60.12,15508.00,true
random,string_merge_sort_lcp,1500,1343.52,12710.00,true
random,msd_radix_sort,1500,88.02,6768.00,true
random,msd_radix_sort_with_cutoff,1500,29.83,8433.00,true
random,quick_sort,1600,137.63,24634.00,true
random,merge_sort,1600,101.73,20716.00,true
random,ternary_string_quick_sort,1600,59.49,15851.00,true
random,string_merge_sort_lcp,1600,1458.78,13659.00,true
random,msd_radix_sort,1600,90.85,7246.00,true
random,msd_radix_sort_with_cutoff,1600,33.42,9148.00,true
random,quick_sort,1700,151.08,27501.00,true
random,merge_sort,1700,111.89,22376.00,true
random,ternary_string_quick_sort,1700,71.47,16511.00,true
random,string_merge_sort_lcp,1700,1517.80,14690.00,true
random,msd_radix_sort,1700,97.16,7752.00,true
random,msd_radix_sort_with_cutoff,1700,34.10,9854.00,true
random,quick_sort,1800,154.58,29126.00,true
random,merge_sort,1800,116.50,23988.00,true
random,ternary_string_quick_sort,1800,68.97,19860.00,true
random,string_merge_sort_lcp,1800,1625.64,15689.00,true
random,msd_radix_sort,1800,108.20,8268.00,true
random,msd_radix_sort_with_cutoff,1800,37.45,10483.00,true
random,quick_sort,1900,177.03,29868.00,true
random,merge_sort,1900,128.73,25560.00,true
random,ternary_string_quick_sort,1900,79.83,18784.00,true
random,string_merge_sort_lcp,1900,1743.83,16628.00,true
random,msd_radix_sort,1900,117.78,8788.00,true
random,msd_radix_sort_with_cutoff,1900,41.41,11379.00,true
random,quick_sort,2000,184.03,34185.00,true
random,merge_sort,2000,132.08,27213.00,true
random,ternary_string_quick_sort,2000,85.45,22472.00,true
random,string_merge_sort_lcp,2000,1806.67,17630.00,true
random,msd_radix_sort,2000,128.99,9292.00,true
random,msd_radix_sort_with_cutoff,2000,44.85,12006.00,true
random,quick_sort,2100,194.92,36423.00,true
random,merge_sort,2100,141.87,28949.00,true
random,ternary_string_quick_sort,2100,91.44,22501.00,true
random,string_merge_sort_lcp,2100,1895.04,18649.00,true
random,msd_radix_sort,2100,134.23,9812.00,true
random,msd_radix_sort_with_cutoff,2100,44.65,12688.00,true
random,quick_sort,2200,211.42,36189.00,true
random,merge_sort,2200,159.35,30657.00,true
random,ternary_string_quick_sort,2200,99.01,23320.00,true
random,string_merge_sort_lcp,2200,1986.55,19665.00,true
random,msd_radix_sort,2200,142.90,10308.00,true
random,msd_radix_sort_with_cutoff,2200,48.03,13725.00,true
random,quick_sort,2300,221.37,39887.00,true
random,merge_sort,2300,173.81,32358.00,true
random,ternary_string_quick_sort,2300,99.89,25222.00,true
random,string_merge_sort_lcp,2300,2159.93,20667.00,true
random,msd_radix_sort,2300,153.02,10842.00,true
random,msd_radix_sort_with_cutoff,2300,56.48,14286.00,true
random,quick_sort,2400,236.62,43982.00,true
random,merge_sort,2400,173.97,34062.00,true
random,ternary_string_quick_sort,2400,109.67,25662.00,true
random,string_merge_sort_lcp,2400,2237.21,21721.00,true
random,msd_radix_sort,2400,158.18,11354.00,true
random,msd_radix_sort_with_cutoff,2400,54.30,15170.00,true
random,quick_sort,2500,276.48,42320.00,true
random,merge_sort,2500,178.85,35727.00,true
random,ternary_string_quick_sort,2500,98.86,27392.00,true
random,string_merge_sort_lcp,2500,2341.27,22673.00,true
random,msd_radix_sort,2500,159.78,11860.00,true
random,msd_radix_sort_with_cutoff,2500,58.30,15925.00,true
random,quick_sort,2600,258.96,46704.00,true
random,merge_sort,2600,195.54,37417.00,true
random,ternary_string_quick_sort,2600,131.17,28164.00,true
random,string_merge_sort_lcp,2600,2449.44,23657.00,true
random,msd_radix_sort,2600,170.66,12378.00,true
random,msd_radix_sort_with_cutoff,2600,60.50,16876.00,true
random,quick_sort,2700,270.01,49750.00,true
random,merge_sort,2700,208.28,39198.00,true
random,ternary_string_quick_sort,2700,120.83,30837.00,true
random,string_merge_sort_lcp,2700,2524.62,24681.00,true
random,msd_radix_sort,2700,176.94,12944.00,true
random,msd_radix_sort_with_cutoff,2700,62.00,17597.00,true
random,quick_sort,2800,279.38,49073.00,true
random,merge_sort,2800,210.82,41033.00,true
random,ternary_string_quick_sort,2800,137.89,31650.00,true
random,string_merge_sort_lcp,2800,2620.68,25849.00,true
random,msd_radix_sort,2800,188.43,13520.00,true
random,msd_radix_sort_with_cutoff,2800,65.62,18192.00,true
random,quick_sort,2900,402.02,53338.00,true
random,merge_sort,2900,294.16,42798.00,true
random,ternary_string_quick_sort,2900,126.58,32867.00,true
random,string_merge_sort_lcp,2900,2942.73,26876.00,true
random,msd_radix_sort,2900,200.49,14076.00,true
random,msd_radix_sort_with_cutoff,2900,67.60,18891.00,true
random,quick_sort,3000,309.32,54894.00,true
random,merge_sort,3000,240.31,44595.00,true
random,ternary_string_quick_sort,3000,137.65,32990.00,true
random,string_merge_sort_lcp,3000,3005.63,27943.00,true
random,msd_radix_sort,3000,214.63,14634.00,true
random,msd_radix_sort_with_cutoff,3000,71.58,19999.00,true
reversed,quick_sort,100,4.40,986.00,true
reversed,merge_sort,100,2.52,725.00,true
reversed,ternary_string_quick_sort,100,1.88,582.00,true
reversed,string_merge_sort_lcp,100,61.91,406.00,true
reversed,msd_radix_sort,100,7.20,488.00,true
reversed,msd_radix_sort_with_cutoff,100,2.22,595.00,true
reversed,quick_sort,200,10.13,2203.00,true
reversed,merge_sort,200,5.20,1482.00,true
reversed,ternary_string_quick_sort,200,3.50,1277.00,true
reversed,string_merge_sort_lcp,200,129.12,769.00,true
reversed,msd_radix_sort,200,13.94,970.00,true
reversed,msd_radix_sort_with_cutoff,200,3.65,1147.00,true
reversed,quick_sort,300,14.28,3380.00,true
reversed,merge_sort,300,7.85,2300.00,true
reversed,ternary_string_quick_sort,300,5.53,2036.00,true
reversed,string_merge_sort_lcp,300,206.94,1170.00,true
reversed,msd_radix_sort,300,23.38,1460.00,true
reversed,msd_radix_sort_with_cutoff,300,5.46,1705.00,true
reversed,quick_sort,400,20.73,4859.00,true
reversed,merge_sort,400,10.82,3151.00,true
reversed,ternary_string_quick_sort,400,7.38,2735.00,true
reversed,string_merge_sort_lcp,400,284.05,1561.00,true
reversed,msd_radix_sort,400,29.51,1944.00,true
reversed,msd_radix_sort_with_cutoff,400,7.23,2251.00,true
reversed,quick_sort,500,27.93,6106.00,true
reversed,merge_sort,500,14.35,3856.00,true
reversed,ternary_string_quick_sort,500,10.39,3631.00,true
reversed,string_merge_sort_lcp,500,358.46,1898.00,true
reversed,msd_radix_sort,500,36.92,2428.00,true
reversed,msd_radix_sort_with_cutoff,500,9.65,2823.00,true
reversed,quick_sort,600,30.73,7386.00,true
reversed,merge_sort,600,17.57,4881.00,true
reversed,ternary_string_quick_sort,600,11.93,4521.00,true
reversed,string_merge_sort_lcp,600,444.36,2330.00,true
reversed,msd_radix_sort,600,44.52,2918.00,true
reversed,msd_radix_sort_with_cutoff,600,10.58,3376.00,true
reversed,quick_sort,700,38.44,9122.00,true
reversed,merge_sort,700,21.09,5798.00,true
reversed,ternary_string_quick_sort,700,14.39,5356.00,true
reversed,string_merge_sort_lcp,700,646.58,2707.00,true
reversed,msd_radix_sort,700,63.73,3408.00,true
reversed,msd_radix_sort_with_cutoff,700,16.06,3968.00,true
reversed,quick_sort,800,42.15,10588.00,true
reversed,merge_sort,800,24.20,6716.00,true
reversed,ternary_string_quick_sort,800,17.15,6256.00,true
reversed,string_merge_sort_lcp,800,615.25,3126.00,true
reversed,msd_radix_sort,800,58.15,3886.00,true
reversed,msd_radix_sort_with_cutoff,800,13.36,4554.00,true
reversed,quick_sort,900,47.79,12040.00,true
reversed,merge_sort,900,27.73,7521.00,true
reversed,ternary_string_quick_sort,900,19.23,7182.00,true
reversed,string_merge_sort_lcp,900,689.94,3497.00,true
reversed,msd_radix_sort,900,68.21,4382.00,true
reversed,msd_radix_sort_with_cutoff,900,15.42,5097.00,true
reversed,quick_sort,1000,53.05,13502.00,true
reversed,merge_sort,1000,30.33,8208.00,true
reversed,ternary_string_quick_sort,1000,22.08,8102.00,true
reversed,string_merge_sort_lcp,1000,903.60,3797.00,true
reversed,msd_radix_sort,1000,76.40,4860.00,true
reversed,msd_radix_sort_with_cutoff,1000,18.72,5677.00,true
reversed,quick_sort,1100,56.94,14893.00,true
reversed,merge_sort,1100,33.23,9223.00,true
reversed,ternary_string_quick_sort,1100,24.27,9058.00,true
reversed,string_merge_sort_lcp,1100,865.57,4207.00,true
reversed,msd_radix_sort,1100,81.11,5334.00,true
reversed,msd_radix_sort_with_cutoff,1100,21.29,6229.00,true
reversed,quick_sort,1200,63.88,16231.00,true
reversed,merge_sort,1200,37.13,10413.00,true
reversed,ternary_string_quick_sort,1200,27.61,10076.00,true
reversed,string_merge_sort_lcp,1200,1015.54,4711.00,true
reversed,msd_radix_sort,1200,102.65,5848.00,true
reversed,msd_radix_sort_with_cutoff,1200,22.73,6811.00,true
reversed,quick_sort,1300,71.33,18027.00,true
reversed,merge_sort,1300,40.51,11423.00,true
reversed,ternary_string_quick_sort,1300,29.31,10984.00,true
reversed,string_merge_sort_lcp,1300,1056.11,5148.00,true
reversed,msd_radix_sort,1300,97.25,6332.00,true
reversed,msd_radix_sort_with_cutoff,1300,23.58,7370.00,true
reversed,quick_sort,1400,79.08,19871.00,true
reversed,merge_sort,1400,44.38,12325.00,true
reversed,ternary_string_quick_sort,1400,32.42,12049.00,true
reversed,string_merge_sort_lcp,1400,1231.95,5464.00,true
reversed,msd_radix_sort,1400,104.29,6814.00,true
reversed,msd_radix_sort_with_cutoff,1400,26.63,7968.00,true
reversed,quick_sort,1500,99.51,21318.00,true
reversed,merge_sort,1500,48.27,13339.00,true
reversed,ternary_string_quick_sort,1500,34.79,13048.00,true
reversed,string_merge_sort_lcp,1500,1223.60,5985.00,true
reversed,msd_radix_sort,1500,112.30,7292.00,true
reversed,msd_radix_sort_with_cutoff,1500,28.16,8536.00,true
reversed,quick_sort,1600,91.03,22842.00,true
reversed,merge_sort,1600,52.91,14301.00,true
reversed,ternary_string_quick_sort,1600,42.34,14003.00,true
reversed,string_merge_sort_lcp,1600,1296.77,6379.00,true
reversed,msd_radix_sort,1600,118.10,7758.00,true
reversed,msd_radix_sort_with_cutoff,1600,29.04,9105.00,true
reversed,quick_sort,1700,95.08,24499.00,true
reversed,merge_sort,1700,54.58,15155.00,true
reversed,ternary_string_quick_sort,1700,39.75,14925.00,true
reversed,string_merge_sort_lcp,1700,1463.99,6708.00,true
reversed,msd_radix_sort,1700,126.75,8242.00,true
reversed,msd_radix_sort_with_cutoff,1700,30.25,9674.00,true
reversed,quick_sort,1800,100.61,25892.00,true
reversed,merge_sort,1800,57.55,15921.00,true
reversed,ternary_string_quick_sort,1800,41.55,15858.00,true
reversed,string_merge_sort_lcp,1800,1510.05,7044.00,true
reversed,msd_radix_sort,1800,131.13,8708.00,true
reversed,msd_radix_sort_with_cutoff,1800,33.05,10245.00,true
reversed,quick_sort,1900,105.99,27433.00,true
reversed,merge_sort,1900,61.06,16720.00,true
reversed,ternary_string_quick_sort,1900,43.87,17020.00,true
reversed,string_merge_sort_lcp,1900,1669.05,7345.00,true
reversed,msd_radix_sort,1900,136.62,9192.00,true
reversed,msd_radix_sort_with_cutoff,1900,35.01,10807.00,true
reversed,quick_sort,2000,112.32,29331.00,true
reversed,merge_sort,2000,63.44,17372.00,true
reversed,ternary_string_quick_sort,2000,46.09,18009.00,true
reversed,string_merge_sort_lcp,2000,1754.20,7609.00,true
reversed,msd_radix_sort,2000,139.38,9652.00,true
reversed,msd_radix_sort_with_cutoff,2000,36.38,11392.00,true
reversed,quick_sort,2100,118.65,30958.00,true
reversed,merge_sort,2100,66.09,18420.00,true
reversed,ternary_string_quick_sort,2100,48.94,19131.00,true
reversed,string_merge_sort_lcp,2100,1856.32,8094.00,true
reversed,msd_radix_sort,2100,148.82,10150.00,true
reversed,msd_radix_sort_with_cutoff,2100,37.99,11949.00,true
reversed,quick_sort,2200,123.71,32424.00,true
reversed,merge_sort,2200,70.48,19739.00,true
reversed,ternary_string_quick_sort,2200,53.02,20182.00,true
reversed,string_merge_sort_lcp,2200,1906.71,8627.00,true
reversed,msd_radix_sort,2200,155.32,10648.00,true
reversed,msd_radix_sort_with_cutoff,2200,40.40,12543.00,true
reversed,quick_sort,2300,128.39,33938.00,true
reversed,merge_sort,2300,73.85,21026.00,true
reversed,ternary_string_quick_sort,2300,54.68,21194.00,true
reversed,string_merge_sort_lcp,2300,1968.22,9176.00,true
reversed,msd_radix_sort,2300,162.74,11134.00,true
reversed,msd_radix_sort_with_cutoff,2300,41.69,13129.00,true
reversed,quick_sort,2400,135.12,35158.00,true
reversed,merge_sort,2400,78.26,22127.00,true
reversed,ternary_string_quick_sort,2400,57.07,22343.00,true
reversed,string_merge_sort_lcp,2400,2069.38,9546.00,true
reversed,msd_radix_sort,2400,171.01,11622.00,true
reversed,msd_radix_sort_with_cutoff,2400,43.98,13708.00,true
reversed,quick_sort,2500,143.15,36752.00,true
reversed,merge_sort,2500,82.17,23107.00,true
reversed,ternary_string_quick_sort,2500,61.06,23365.00,true
reversed,string_merge_sort_lcp,2500,2168.45,9911.00,true
reversed,msd_radix_sort,2500,178.85,12118.00,true
reversed,msd_radix_sort_with_cutoff,2500,45.39,14267.00,true
reversed,quick_sort,2600,148.83,38638.00,true
reversed,merge_sort,2600,85.41,24202.00,true
reversed,ternary_string_quick_sort,2600,63.32,24549.00,true
reversed,string_merge_sort_lcp,2600,2263.66,10393.00,true
reversed,msd_radix_sort,2600,184.62,12586.00,true
reversed,msd_radix_sort_with_cutoff,2600,47.29,14859.00,true
reversed,quick_sort,2700,157.32,40958.00,true
reversed,merge_sort,2700,90.57,25409.00,true
reversed,ternary_string_quick_sort,2700,65.91,25548.00,true
reversed,string_merge_sort_lcp,2700,2345.31,10955.00,true
reversed,msd_radix_sort,2700,193.05,13092.00,true
reversed,msd_radix_sort_with_cutoff,2700,49.24,15404.00,true
reversed,quick_sort,2800,170.08,42773.00,true
reversed,merge_sort,2800,94.38,26313.00,true
reversed,ternary_string_quick_sort,2800,69.57,26776.00,true
reversed,string_merge_sort_lcp,2800,2447.55,11213.00,true
reversed,msd_radix_sort,2800,201.94,13596.00,true
reversed,msd_radix_sort_with_cutoff,2800,51.45,15981.00,true
reversed,quick_sort,2900,168.29,44205.00,true
reversed,merge_sort,2900,97.97,27275.00,true
reversed,ternary_string_quick_sort,2900,71.57,27612.00,true
reversed,string_merge_sort_lcp,2900,2510.90,11631.00,true
reversed,msd_radix_sort,2900,207.00,14088.00,true
reversed,msd_radix_sort_with_cutoff,2900,52.58,16535.00,true
reversed,quick_sort,3000,174.73,45741.00,true
reversed,merge_sort,3000,100.98,28168.00,true
reversed,ternary_string_quick_sort,3000,76.58,28882.00,true
reversed,string_merge_sort_lcp,3000,2675.43,11980.00,true
reversed,msd_radix_sort,3000,218.15,14574.00,true
reversed,msd_radix_sort_with_cutoff,3000,55.52,17113.00,true
nearly_sorted,quick_sort,100,4.69,1088.00,true
nearly_sorted,merge_sort,100,2.43,702.00,true
nearly_sorted,ternary_string_quick_sort,100,1.53,516.00,true
nearly_sorted,string_merge_sort_lcp,100,54.98,339.00,true
nearly_sorted,msd_radix_sort,100,7.41,482.00,true
nearly_sorted,msd_radix_sort_with_cutoff,100,2.02,541.00,true
nearly_sorted,quick_sort,200,9.23,2087.00,true
nearly_sorted,merge_sort,200,4.82,1531.00,true
nearly_sorted,ternary_string_quick_sort,200,3.38,1238.00,true
nearly_sorted,string_merge_sort_lcp,200,117.68,732.00,true
nearly_sorted,msd_radix_sort,200,12.67,936.00,true
nearly_sorted,msd_radix_sort_with_cutoff,200,3.66,1125.00,true
nearly_sorted,quick_sort,300,13.94,3302.00,true
nearly_sorted,merge_sort,300,7.88,2480.00,true
nearly_sorted,ternary_string_quick_sort,300,5.24,1924.00,true
nearly_sorted,string_merge_sort_lcp,300,192.65,1089.00,true
nearly_sorted,msd_radix_sort,300,18.94,1416.00,true
nearly_sorted,msd_radix_sort_with_cutoff,300,5.01,1691.00,true
nearly_sorted,quick_sort,400,19.72,4673.00,true
nearly_sorted,merge_sort,400,10.77,3518.00,true
nearly_sorted,ternary_string_quick_sort,400,7.44,2760.00,true
nearly_sorted,string_merge_sort_lcp,400,263.02,1497.00,true
nearly_sorted,msd_radix_sort,400,25.23,1882.00,true
nearly_sorted,msd_radix_sort_with_cutoff,400,6.79,2227.00,true
nearly_sorted,quick_sort,500,25.40,5986.00,true
nearly_sorted,merge_sort,500,14.43,4623.00,true
nearly_sorted,ternary_string_quick_sort,500,9.19,3690.00,true
nearly_sorted,string_merge_sort_lcp,500,339.03,1874.00,true
nearly_sorted,msd_radix_sort,500,32.17,2366.00,true
nearly_sorted,msd_radix_sort_with_cutoff,500,8.47,2801.00,true
nearly_sorted,quick_sort,600,30.93,7464.00,true
nearly_sorted,merge_sort,600,17.27,5612.00,true
nearly_sorted,ternary_string_quick_sort,600,11.19,4584.00,true
nearly_sorted,string_merge_sort_lcp,600,419.14,2199.00,true
nearly_sorted,msd_radix_sort,600,37.55,2826.00,true
nearly_sorted,msd_radix_sort_with_cutoff,600,10.22,3379.00,true
nearly_sorted,quick_sort,700,37.05,8833.00,true
nearly_sorted,merge_sort,700,20.77,6566.00,true
nearly_sorted,ternary_string_quick_sort,700,13.19,5434.00,true
nearly_sorted,string_merge_sort_lcp,700,506.57,2594.00,true
nearly_sorted,msd_radix_sort,700,44.33,3308.00,true
nearly_sorted,msd_radix_sort_with_cutoff,700,11.85,3935.00,true
nearly_sorted,quick_sort,800,42.32,10453.00,true
nearly_sorted,merge_sort,800,24.33,7807.00,true
nearly_sorted,ternary_string_quick_sort,800,16.47,6404.00,true
nearly_sorted,string_merge_sort_lcp,800,590.06,2960.00,true
nearly_sorted,msd_radix_sort,800,50.90,3780.00,true
nearly_sorted,msd_radix_sort_with_cutoff,800,12.57,4494.00,true
nearly_sorted,quick_sort,900,48.29,11999.00,true
nearly_sorted,merge_sort,900,27.92,9062.00,true
nearly_sorted,ternary_string_quick_sort,900,19.25,7680.00,true
nearly_sorted,string_merge_sort_lcp,900,669.61,3380.00,true
nearly_sorted,msd_radix_sort,900,56.88,4264.00,true
nearly_sorted,msd_radix_sort_with_cutoff,900,14.92,5069.00,true
nearly_sorted,quick_sort,1000,53.42,13366.00,true
nearly_sorted,merge_sort,1000,31.93,10254.00,true
nearly_sorted,ternary_string_quick_sort,1000,21.08,8179.00,true
nearly_sorted,string_merge_sort_lcp,1000,742.51,3970.00,true
nearly_sorted,msd_radix_sort,1000,65.82,4766.00,true
nearly_sorted,msd_radix_sort_with_cutoff,1000,17.54,5713.00,true
nearly_sorted,quick_sort,1100,58.95,14388.00,true
nearly_sorted,merge_sort,1100,34.98,11535.00,true
nearly_sorted,ternary_string_quick_sort,1100,24.09,9024.00,true
nearly_sorted,string_merge_sort_lcp,1100,829.34,4476.00,true
nearly_sorted,msd_radix_sort,1100,72.15,5244.00,true
nearly_sorted,msd_radix_sort_with_cutoff,1100,19.08,6270.00,true
nearly_sorted,quick_sort,1200,65.26,16301.00,true
nearly_sorted,merge_sort,1200,39.55,12544.00,true
nearly_sorted,ternary_string_quick_sort,1200,26.37,10125.00,true
nearly_sorted,string_merge_sort_lcp,1200,925.48,4729.00,true
nearly_sorted,msd_radix_sort,1200,80.14,5732.00,true
nearly_sorted,msd_radix_sort_with_cutoff,1200,20.90,6874.00,true
nearly_sorted,quick_sort,1300,71.63,17524.00,true
nearly_sorted,merge_sort,1300,43.66,13645.00,true
nearly_sorted,ternary_string_quick_sort,1300,29.72,10993.00,true
nearly_sorted,string_merge_sort_lcp,1300,1004.92,5149.00,true
nearly_sorted,msd_radix_sort,1300,84.84,6210.00,true
nearly_sorted,msd_radix_sort_with_cutoff,1300,23.03,7453.00,true
nearly_sorted,quick_sort,1400,79.61,19362.00,true
nearly_sorted,merge_sort,1400,48.89,14757.00,true
nearly_sorted,ternary_string_quick_sort,1400,32.19,12098.00,true
nearly_sorted,string_merge_sort_lcp,1400,1123.62,5537.00,true
nearly_sorted,msd_radix_sort,1400,96.62,6710.00,true
nearly_sorted,msd_radix_sort_with_cutoff,1400,26.00,8036.00,true
nearly_sorted,quick_sort,1500,85.98,20720.00,true
nearly_sorted,merge_sort,1500,53.70,16372.00,true
nearly_sorted,ternary_string_quick_sort,1500,35.98,12998.00,true
nearly_sorted,string_merge_sort_lcp,1500,1267.87,6012.00,true
nearly_sorted,msd_radix_sort,1500,105.48,7200.00,true
nearly_sorted,msd_radix_sort_with_cutoff,1500,29.62,8651.00,true
nearly_sorted,quick_sort,1600,91.94,22472.00,true
nearly_sorted,merge_sort,1600,57.84,17330.00,true
nearly_sorted,ternary_string_quick_sort,1600,40.19,14083.00,true
nearly_sorted,string_merge_sort_lcp,1600,1348.48,6366.00,true
nearly_sorted,msd_radix_sort,1600,112.65,7684.00,true
nearly_sorted,msd_radix_sort_with_cutoff,1600,31.19,9224.00,true
nearly_sorted,quick_sort,1700,104.34,26482.00,true
nearly_sorted,merge_sort,1700,61.95,18427.00,true
nearly_sorted,ternary_string_quick_sort,1700,43.00,15400.00,true
nearly_sorted,string_merge_sort_lcp,1700,1429.14,6851.00,true
nearly_sorted,msd_radix_sort,1700,121.32,8192.00,true
nearly_sorted,msd_radix_sort_with_cutoff,1700,33.18,9835.00,true
nearly_sorted,quick_sort,1800,104.82,25404.00,true
nearly_sorted,merge_sort,1800,65.43,19982.00,true
nearly_sorted,ternary_string_quick_sort,1800,45.60,16008.00,true
nearly_sorted,string_merge_sort_lcp,1800,1561.70,7254.00,true
nearly_sorted,msd_radix_sort,1800,127.28,8650.00,true
nearly_sorted,msd_radix_sort_with_cutoff,1800,34.70,10388.00,true
nearly_sorted,quick_sort,1900,113.14,27007.00,true
nearly_sorted,merge_sort,1900,69.57,21024.00,true
nearly_sorted,ternary_string_quick_sort,1900,47.75,17080.00,true
nearly_sorted,string_merge_sort_lcp,1900,1681.12,7772.00,true
nearly_sorted,msd_radix_sort,1900,134.43,9150.00,true
nearly_sorted,msd_radix_sort_with_cutoff,1900,37.03,11007.00,true
nearly_sorted,quick_sort,2000,120.64,28549.00,true
nearly_sorted,merge_sort,2000,74.28,22336.00,true
nearly_sorted,ternary_string_quick_sort,2000,49.21,18180.00,true
nearly_sorted,string_merge_sort_lcp,2000,1807.95,8183.00,true
nearly_sorted,msd_radix_sort,2000,142.60,9638.00,true
nearly_sorted,msd_radix_sort_with_cutoff,2000,38.77,11552.00,true
nearly_sorted,quick_sort,2100,127.41,29818.00,true
nearly_sorted,merge_sort,2100,77.73,23811.00,true
nearly_sorted,ternary_string_quick_sort,2100,52.20,19097.00,true
nearly_sorted,string_merge_sort_lcp,2100,1864.88,8724.00,true
nearly_sorted,msd_radix_sort,2100,149.40,10132.00,true
nearly_sorted,msd_radix_sort_with_cutoff,2100,41.46,12102.00,true
nearly_sorted,quick_sort,2200,131.53,31121.00,true
nearly_sorted,merge_sort,2200,80.47,24908.00,true
nearly_sorted,ternary_string_quick_sort,2200,57.37,20100.00,true
nearly_sorted,string_merge_sort_lcp,2200,2382.99,9066.00,true
nearly_sorted,msd_radix_sort,2200,154.42,10620.00,true
nearly_sorted,msd_radix_sort_with_cutoff,2200,41.67,12673.00,true
nearly_sorted,quick_sort,2300,141.31,32991.00,true
nearly_sorted,merge_sort,2300,82.21,26213.00,true
nearly_sorted,ternary_string_quick_sort,2300,59.23,21477.00,true
nearly_sorted,string_merge_sort_lcp,2300,2283.53,9319.00,true
nearly_sorted,msd_radix_sort,2300,161.01,11124.00,true
nearly_sorted,msd_radix_sort_with_cutoff,2300,42.62,13323.00,true
nearly_sorted,quick_sort,2400,141.98,34063.00,true
nearly_sorted,merge_sort,2400,87.72,26894.00,true
nearly_sorted,ternary_string_quick_sort,2400,59.02,22335.00,true
nearly_sorted,string_merge_sort_lcp,2400,2116.99,9715.00,true
nearly_sorted,msd_radix_sort,2400,167.12,11622.00,true
nearly_sorted,msd_radix_sort_with_cutoff,2400,44.67,13901.00,true
nearly_sorted,quick_sort,2500,152.46,36817.00,true
nearly_sorted,merge_sort,2500,90.74,28368.00,true
nearly_sorted,ternary_string_quick_sort,2500,63.12,23607.00,true
nearly_sorted,string_merge_sort_lcp,2500,2419.40,10295.00,true
nearly_sorted,msd_radix_sort,2500,191.51,12114.00,true
nearly_sorted,msd_radix_sort_with_cutoff,2500,50.52,14502.00,true
nearly_sorted,quick_sort,2600,171.05,38502.00,true
nearly_sorted,merge_sort,2600,96.71,29314.00,true
nearly_sorted,ternary_string_quick_sort,2600,98.22,24384.00,true
nearly_sorted,string_merge_sort_lcp,2600,2519.73,10561.00,true
nearly_sorted,msd_radix_sort,2600,191.69,12600.00,true
nearly_sorted,msd_radix_sort_with_cutoff,2600,52.74,15114.00,true
nearly_sorted,quick_sort,2700,172.98,40767.00,true
nearly_sorted,merge_sort,2700,104.93,30944.00,true
nearly_sorted,ternary_string_quick_sort,2700,72.38,25523.00,true
nearly_sorted,string_merge_sort_lcp,2700,2589.10,11077.00,true
nearly_sorted,msd_radix_sort,2700,206.63,13090.00,true
nearly_sorted,msd_radix_sort_with_cutoff,2700,53.97,15719.00,true
nearly_sorted,quick_sort,2800,182.25,42751.00,true
nearly_sorted,merge_sort,2800,109.83,30964.00,true
nearly_sorted,ternary_string_quick_sort,2800,75.66,26746.00,true
nearly_sorted,string_merge_sort_lcp,2800,2587.01,11334.00,true
nearly_sorted,msd_radix_sort,2800,197.21,13554.00,true
nearly_sorted,msd_radix_sort_with_cutoff,2800,56.59,16270.00,true
nearly_sorted,quick_sort,2900,190.01,44847.00,true
nearly_sorted,merge_sort,2900,109.14,32372.00,true
nearly_sorted,ternary_string_quick_sort,2900,75.82,27916.00,true
nearly_sorted,string_merge_sort_lcp,2900,2783.85,11814.00,true
nearly_sorted,msd_radix_sort,2900,208.03,14058.00,true
nearly_sorted,msd_radix_sort_with_cutoff,2900,58.77,16899.00,true
nearly_sorted,quick_sort,3000,198.35,47243.00,true
nearly_sorted,merge_sort,3000,117.35,34077.00,true
nearly_sorted,ternary_string_quick_sort,3000,81.11,29296.00,true
nearly_sorted,string_merge_sort_lcp,3000,2763.95,12402.00,true
nearly_sorted,msd_radix_sort,3000,218.52,14572.00,true
nearly_sorted,msd_radix_sort_with_cutoff,3000,61.01,17487.00,true
common_prefix,quick_sort,100,10.43,9989.00,true
common_prefix,merge_sort,100,9.40,8760.00,true
common_prefix,ternary_string_quick_sort,100,4.31,2168.00,true
common_prefix,string_merge_sort_lcp,100,66.83,2095.00,true
common_prefix,msd_radix_sort,100,20.68,3602.00,true
common_prefix,msd_radix_sort_with_cutoff,100,11.79,3359.00,true
common_prefix,quick_sort,200,23.61,25038.00,true
common_prefix,merge_sort,200,20.63,21171.00,true
common_prefix,ternary_string_quick_sort,200,9.68,4604.00,true
common_prefix,string_merge_sort_lcp,200,135.61,4406.00,true
common_prefix,msd_radix_sort,200,37.76,7294.00,true
common_prefix,msd_radix_sort_with_cutoff,200,20.21,6956.00,true
common_prefix,quick_sort,300,38.12,42504.00,true
common_prefix,merge_sort,300,35.30,34804.00,true
common_prefix,ternary_string_quick_sort,300,14.40,6889.00,true
common_prefix,string_merge_sort_lcp,300,217.94,6747.00,true
common_prefix,msd_radix_sort,300,56.89,11034.00,true
common_prefix,msd_radix_sort_with_cutoff,300,34.26,10783.00,true
common_prefix,quick_sort,400,52.43,54805.00,true
common_prefix,merge_sort,400,49.15,49231.00,true
common_prefix,ternary_string_quick_sort,400,19.39,9713.00,true
common_prefix,string_merge_sort_lcp,400,303.79,9155.00,true
common_prefix,msd_radix_sort,400,73.99,14768.00,true
common_prefix,msd_radix_sort_with_cutoff,400,43.34,14412.00,true
common_prefix,quick_sort,500,69.12,71701.00,true
common_prefix,merge_sort,500,65.22,64455.00,true
common_prefix,ternary_string_quick_sort,500,25.09,11852.00,true
common_prefix,string_merge_sort_lcp,500,386.10,11573.00,true
common_prefix,msd_radix_sort,500,94.26,18570.00,true
common_prefix,msd_radix_sort_with_cutoff,500,53.44,18080.00,true
common_prefix,quick_sort,600,90.32,98929.00,true
common_prefix,merge_sort,600,82.19,80403.00,true
common_prefix,ternary_string_quick_sort,600,30.62,14480.00,true
common_prefix,string_merge_sort_lcp,600,475.99,14021.00,true
common_prefix,msd_radix_sort,600,113.78,22362.00,true
common_prefix,msd_radix_sort_with_cutoff,600,61.88,21756.00,true
common_prefix,quick_sort,700,115.14,127404.00,true
common_prefix,merge_sort,700,100.06,96493.00,true
common_prefix,ternary_string_quick_sort,700,35.57,17537.00,true
common_prefix,string_merge_sort_lcp,700,560.03,16486.00,true
common_prefix,msd_radix_sort,700,129.10,26132.00,true
common_prefix,msd_radix_sort_with_cutoff,700,71.45,25440.00,true
common_prefix,quick_sort,800,120.02,128121.00,true
common_prefix,merge_sort,800,119.31,112940.00,true
common_prefix,ternary_string_quick_sort,800,41.37,19772.00,true
common_prefix,string_merge_sort_lcp,800,649.93,18970.00,true
common_prefix,msd_radix_sort,800,144.94,29900.00,true
common_prefix,msd_radix_sort_with_cutoff,800,81.13,29141.00,true
common_prefix,quick_sort,900,137.75,140394.00,true
common_prefix,merge_sort,900,135.84,129595.00,true
common_prefix,ternary_string_quick_sort,900,46.83,22302.00,true
common_prefix,string_merge_sort_lcp,900,787.92,21472.00,true
common_prefix,msd_radix_sort,900,163.50,33678.00,true
common_prefix,msd_radix_sort_with_cutoff,900,96.62,32884.00,true
common_prefix,quick_sort,1000,170.59,173726.00,true
common_prefix,merge_sort,1000,166.83,146942.00,true
common_prefix,ternary_string_quick_sort,1000,56.71,24780.00,true
common_prefix,string_merge_sort_lcp,1000,868.08,24005.00,true
common_prefix,msd_radix_sort,1000,182.51,37444.00,true
common_prefix,msd_radix_sort_with_cutoff,1000,103.84,36673.00,true
common_prefix,quick_sort,1100,186.61,204039.00,true
common_prefix,merge_sort,1100,175.40,164797.00,true
common_prefix,ternary_string_quick_sort,1100,58.19,28018.00,true
common_prefix,string_merge_sort_lcp,1100,928.22,26564.00,true
common_prefix,msd_radix_sort,1100,187.44,41218.00,true
common_prefix,msd_radix_sort_with_cutoff,1100,113.89,40433.00,true
common_prefix,quick_sort,1200,198.84,221621.00,true
common_prefix,merge_sort,1200,194.21,182755.00,true
common_prefix,ternary_string_quick_sort,1200,64.75,30425.00,true
common_prefix,string_merge_sort_lcp,1200,1000.79,29087.00,true
common_prefix,msd_radix_sort,1200,197.48,44992.00,true
common_prefix,msd_radix_sort_with_cutoff,1200,127.32,44220.00,true
common_prefix,quick_sort,1300,219.94,240483.00,true
common_prefix,merge_sort,1300,209.16,200532.00,true
common_prefix,ternary_string_quick_sort,1300,70.12,32724.00,true
common_prefix,string_merge_sort_lcp,1300,1110.20,31618.00,true
common_prefix,msd_radix_sort,1300,211.18,48758.00,true
common_prefix,msd_radix_sort_with_cutoff,1300,133.78,48006.00,true
common_prefix,quick_sort,1400,251.57,281080.00,true
common_prefix,merge_sort,1400,231.97,218792.00,true
common_prefix,ternary_string_quick_sort,1400,79.30,35649.00,true
common_prefix,string_merge_sort_lcp,1400,1261.90,34199.00,true
common_prefix,msd_radix_sort,1400,228.38,52520.00,true
common_prefix,msd_radix_sort_with_cutoff,1400,151.77,51810.00,true
common_prefix,quick_sort,1500,263.61,292162.00,true
common_prefix,merge_sort,1500,248.47,236837.00,true
common_prefix,ternary_string_quick_sort,1500,85.85,39015.00,true
common_prefix,string_merge_sort_lcp,1500,1373.53,36751.00,true
common_prefix,msd_radix_sort,1500,241.78,56278.00,true
common_prefix,msd_radix_sort_with_cutoff,1500,162.62,55612.00,true
common_prefix,quick_sort,1600,279.70,298185.00,true
common_prefix,merge_sort,1600,267.72,255561.00,true
common_prefix,ternary_string_quick_sort,1600,91.36,41139.00,true
common_prefix,string_merge_sort_lcp,1600,1467.60,39333.00,true
common_prefix,msd_radix_sort,1600,249.32,60036.00,true
common_prefix,msd_radix_sort_with_cutoff,1600,168.68,59427.00,true
common_prefix,quick_sort,1700,298.05,329034.00,true
common_prefix,merge_sort,1700,284.07,274572.00,true
common_prefix,ternary_string_quick_sort,1700,95.47,44181.00,true
common_prefix,string_merge_sort_lcp,1700,1475.55,41982.00,true
common_prefix,msd_radix_sort,1700,262.62,63792.00,true
common_prefix,msd_radix_sort_with_cutoff,1700,181.62,63291.00,true
common_prefix,quick_sort,1800,321.24,364734.00,true
common_prefix,merge_sort,1800,302.92,292952.00,true
common_prefix,ternary_string_quick_sort,1800,101.23,48011.00,true
common_prefix,string_merge_sort_lcp,1800,1563.27,44527.00,true
common_prefix,msd_radix_sort,1800,278.24,67552.00,true
common_prefix,msd_radix_sort_with_cutoff,1800,192.06,67150.00,true
common_prefix,quick_sort,1900,345.73,390646.00,true
common_prefix,merge_sort,1900,324.40,311853.00,true
common_prefix,ternary_string_quick_sort,1900,109.06,49444.00,true
common_prefix,string_merge_sort_lcp,1900,1779.58,47117.00,true
common_prefix,msd_radix_sort,1900,284.63,71334.00,true
common_prefix,msd_radix_sort_with_cutoff,1900,201.99,70982.00,true
common_prefix,quick_sort,2000,355.11,381538.00,true
common_prefix,merge_sort,2000,348.92,330963.00,true
common_prefix,ternary_string_quick_sort,2000,116.81,52159.00,true
common_prefix,string_merge_sort_lcp,2000,1842.14,49731.00,true
common_prefix,msd_radix_sort,2000,299.78,75122.00,true
common_prefix,msd_radix_sort_with_cutoff,2000,213.89,74860.00,true
common_prefix,quick_sort,2100,385.85,420078.00,true
common_prefix,merge_sort,2100,363.54,350867.00,true
common_prefix,ternary_string_quick_sort,2100,119.56,55291.00,true
common_prefix,string_merge_sort_lcp,2100,1996.04,52399.00,true
common_prefix,msd_radix_sort,2100,304.33,78896.00,true
common_prefix,msd_radix_sort_with_cutoff,2100,219.43,78708.00,true
common_prefix,quick_sort,2200,398.10,435082.00,true
common_prefix,merge_sort,2200,387.77,370770.00,true
common_prefix,ternary_string_quick_sort,2200,124.79,58272.00,true
common_prefix,string_merge_sort_lcp,2200,2053.17,55034.00,true
common_prefix,msd_radix_sort,2200,317.57,82682.00,true
common_prefix,msd_radix_sort_with_cutoff,2200,228.51,82568.00,true
common_prefix,quick_sort,2300,456.18,490803.00,true
common_prefix,merge_sort,2300,406.13,390645.00,true
common_prefix,ternary_string_quick_sort,2300,131.07,60783.00,true
common_prefix,string_merge_sort_lcp,2300,2131.22,57710.00,true
common_prefix,msd_radix_sort,2300,328.62,86466.00,true
common_prefix,msd_radix_sort_with_cutoff,2300,245.81,86447.00,true
common_prefix,quick_sort,2400,449.01,479787.00,true
common_prefix,merge_sort,2400,429.43,410124.00,true
common_prefix,ternary_string_quick_sort,2400,139.53,63673.00,true
common_prefix,string_merge_sort_lcp,2400,2341.64,60260.00,true
common_prefix,msd_radix_sort,2400,339.03,90264.00,true
common_prefix,msd_radix_sort_with_cutoff,2400,254.17,90382.00,true
common_prefix,quick_sort,2500,462.14,514152.00,true
common_prefix,merge_sort,2500,459.40,429977.00,true
common_prefix,ternary_string_quick_sort,2500,144.87,66754.00,true
common_prefix,string_merge_sort_lcp,2500,2319.23,62897.00,true
common_prefix,msd_radix_sort,2500,358.46,94036.00,true
common_prefix,msd_radix_sort_with_cutoff,2500,260.53,94232.00,true
common_prefix,quick_sort,2600,506.18,548737.00,true
common_prefix,merge_sort,2600,476.48,449678.00,true
common_prefix,ternary_string_quick_sort,2600,149.19,69296.00,true
common_prefix,string_merge_sort_lcp,2600,2355.89,65562.00,true
common_prefix,msd_radix_sort,2600,373.01,97832.00,true
common_prefix,msd_radix_sort_with_cutoff,2600,272.07,98062.00,true
common_prefix,quick_sort,2700,538.28,579592.00,true
common_prefix,merge_sort,2700,511.12,469887.00,true
common_prefix,ternary_string_quick_sort,2700,154.86,71975.00,true
common_prefix,string_merge_sort_lcp,2700,2703.20,68159.00,true
common_prefix,msd_radix_sort,2700,374.83,101640.00,true
common_prefix,msd_radix_sort_with_cutoff,2700,281.89,102006.00,true
common_prefix,quick_sort,2800,541.11,587809.00,true
common_prefix,merge_sort,2800,508.83,489983.00,true
common_prefix,ternary_string_quick_sort,2800,166.87,75667.00,true
common_prefix,string_merge_sort_lcp,2800,2623.62,70820.00,true
common_prefix,msd_radix_sort,2800,388.87,105440.00,true
common_prefix,msd_radix_sort_with_cutoff,2800,306.68,105989.00,true
common_prefix,quick_sort,2900,599.13,624518.00,true
common_prefix,merge_sort,2900,543.18,509937.00,true
common_prefix,ternary_string_quick_sort,2900,176.64,77454.00,true
common_prefix,string_merge_sort_lcp,2900,2945.03,73485.00,true
common_prefix,msd_radix_sort,2900,425.92,109230.00,true
common_prefix,msd_radix_sort_with_cutoff,2900,323.33,109882.00,true
common_prefix,quick_sort,3000,590.48,620180.00,true
common_prefix,merge_sort,3000,557.96,529770.00,true
common_prefix,ternary_string_quick_sort,3000,173.33,79697.00,true
common_prefix,string_merge_sort_lcp,3000,2895.13,76081.00,true
common_prefix,msd_radix_sort,3000,411.82,113010.00,true
common_prefix,msd_radix_sort_with_cutoff,3000,311.98,113733.00,true
